<?xml version="1.0" encoding="utf-8"?>
<extension version="3" type="plugin" group="jshopping" method="upgrade">
    <name>EPOS (ЕРИП Беларусь)</name>
    <version>1.0.0</version>
    <author>esas.by</author>
    <creationDate>2020-05-07</creationDate>
    <copyright>Copyright (C) 2010 - 2020 ESAS. All rights reserved.</copyright>
    <license>GNU General Public License version 2 or later; see LICENSE.txt</license>
    <authorEmail>support@esas.by</authorEmail>
    <authorUrl>http://www.esas.by/</authorUrl>
    <description>Epos™ — payment service for invoicing to AIS *Raschet* (ERIP Belarus).
        After invoicing you will be available for payment by a plastic card and electronic money,
        at any of the bank branches, cash desks, ATMs, payment terminals, in the electronic money system,
        through Internet banking, M-banking, Internet acquiring</description>

    <scriptfile>install/install.php</scriptfile>
    <files>
        <filename plugin="epos">epos.php</filename>
        <folder>components</folder>
        <folder>install</folder>
    </files>
    <updateservers>
        <server type="extension" priority="1" name="Custom PHP module for Joomla">https://raw.githubusercontent.com/esasby/hutkigrosh-joomla3-joomshopping4-module/master/update.xml</server>
    </updateservers>
</extension>